"ID","JobTitle","EmailAddress","FirstNameLastName"
"1","Insurance Broker","Rick_Adams233@vetan.org","Rick Adams"
"2","Cash Manager","Martin_Shea7628@acrit.org","Martin Shea"
"3","Fabricator","Sienna_Boden7852@twipet.com","Sienna Boden"
"4","Paramedic","Melinda_Campbell7349@nickia.com","Melinda Campbell"
"5","Food Technologist","Cedrick_Eyres4371@guentu.biz","Cedrick Eyres"
"6","HR Specialist","Oliver_Waterhouse6519@gembat.biz","Oliver Waterhouse"
"7","Bookkeeper","Martin_Evans4363@vetan.org","Martin Evans"
"8","Investment  Advisor","Paige_Weasley437@dionrab.com","Paige Weasley"
"9","HR Specialist","Marvin_Thomson2516@famism.biz","Marvin Thomson"
"10","Associate Professor","William_Brock4268@yahoo.com","William Brock"
"11","Software Engineer","Juliet_Alexander4683@bauros.biz","Juliet Alexander"
"12","Accountant","Shannon_Hancock9804@fuliss.net","Shannon Hancock"
"13","Audiologist","Hope_Reyes2915@irrepsy.com","Hope Reyes"
"14","Front Desk Coordinator","Nancy_Locke8957@elnee.tech","Nancy Locke"
"15","Inspector","Abdul_Simpson3107@joiniaa.com","Abdul Simpson"
"16","Cash Manager","Penny_Myatt6717@sheye.org","Penny Myatt"
"17","Steward","Kurt_Gardner7458@brety.org","Kurt Gardner"
"18","Baker","Gabriel_Campbell8693@typill.biz","Gabriel Campbell"
"19","Call Center Representative","Louise_Garner6631@dionrab.com","Louise Garner"
"20","HR Coordinator","Abdul_Tate25@cispeto.com","Abdul Tate"
"21","Web Developer","Colleen_Anderson4303@nimogy.biz","Colleen Anderson"
"22","Project Manager","Stephanie_Spencer1379@gembat.biz","Stephanie Spencer"
"23","Electrician","Rick_Graves2364@cispeto.com","Rick Graves"
"24","Production Painter","Gloria_Wilkinson9354@nickia.com","Gloria Wilkinson"
"25","Production Painter","Danielle_Morrow5489@sheye.org","Danielle Morrow"
"26","Accountant","Roger_Blackburn6288@grannar.com","Roger Blackburn"
"27","Staffing Consultant","Anthony_Hill4523@hourpy.biz","Anthony Hill"
"28","Banker","Aiden_Bowen8735@extex.org","Aiden Bowen"
"29","Stockbroker","Mason_Edler77@supunk.biz","Mason Edler"
"30","Project Manager","Leroy_Yoman6273@typill.biz","Leroy Yoman"
"31","Ambulatory Nurse","Aiden_Owen6615@typill.biz","Aiden Owen"
"32","Health Educator","Rosalie_Russell5280@brety.org","Rosalie Russell"
"33","Steward","Javier_Page 9311@extex.org","Javier Page "
"34","Assistant Buyer","Dakota_Jeffery8334@deavo.com","Dakota Jeffery"
"35","Insurance Broker","Carmen_Mooney8599@mafthy.com","Carmen Mooney"
"36","Baker","Liam_Tailor2586@famism.biz","Liam Tailor"
"37","Bellman","Anabel_Shields6327@irrepsy.com","Anabel Shields"
"38","Ambulatory Nurse","Joyce_Dixon6913@bungar.biz","Joyce Dixon"
"39","Restaurant Manager","David_Page 1592@bulaffy.com","David Page "
"40","Audiologist","Eden_Rehman8918@bulaffy.com","Eden Rehman"
"41","Health Educator","Michael_Todd7562@atink.com","Michael Todd"
"42","Chef Manager","Rocco_Wright9189@bulaffy.com","Rocco Wright"
"43","Staffing Consultant","Rhea_Marshall6787@kideod.biz","Rhea Marshall"
"44","Web Developer","Ally_Gibson4769@nimogy.biz","Ally Gibson"
"45","Project Manager","Dorothy_Lunt675@typill.biz","Dorothy Lunt"
"46","Clerk","Lucy_Ashley2023@gembat.biz","Lucy Ashley"
"47","Webmaster","Mary_Armstrong601@jiman.org","Mary Armstrong"
"48","Business Broker","Maia_Gilbert5416@nickia.com","Maia Gilbert"
"49","Treasurer","Abdul_Blythe3574@deavo.com","Abdul Blythe"
"50","Steward","Nicole_Lambert9545@deavo.com","Nicole Lambert"